operation,operand1,operand2,result,timestamp
Multiplication,2,3,6,2025-10-09T20:48:54.520094
Power,3,5,243,2025-10-09T20:49:25.045285
Root,33,55,1.0656371303599454503086008116952143609523773193359375,2025-10-09T20:49:30.582948
Addition,-12312,3482342374827348234,3482342374827335922,2025-10-09T20:49:38.457937
Multiplication,234972934,2387234,560935377124556,2025-10-09T20:49:54.918767
Addition,3,4,7,2025-10-09T20:53:46.205463
Addition,3,4,7,2025-10-09T22:44:50.391384
Addition,2,4,6,2025-10-09T22:54:48.877362
Power,2,2,4,2025-10-09T22:55:13.151409
Modulus,3,3,0,2025-10-09T23:04:56.709264
IntegerDivision,34,1,34,2025-10-09T23:05:04.134394
IntegerDivision,45,42,1,2025-10-09T23:05:09.856285
AbsoluteDifference,34,12,22,2025-10-09T23:05:15.720186
Modulus,34,32,2,2025-10-09T23:31:36.529802
